Dish_Title,Recipe,Source
Receta de Rollitos de salmón ahumado rellenos de ensaladilla,"1-Preparamos los ingredientes para elaborar los rollitos de salmón ahumado rellenos.
2-Picamos en trozos muy pequeños todos los ingredientes.
3-En un bol iremos poniendo las verduras para ensaladilla: la lechuga, la cebolleta, las aceitunas y los palitos de cangrejo. Las cantidades serán a nuestro gusto.Si lo prefieres puedes ver con más detalle esta receta de ensaladilla rusa casera.
4-Añadimos 2-3 cucharadas de mayonesa y mezclamos todo muy bien.Mira esta receta de mayonesa casera si prefieres hacer tú mismo en vez de comprarla ya hecha.
5-Ponemos sobre la encimera de la cocina los trozos de salmón ahumado y encima iremos poniendo una cucharada de la pasta que hemos preparado.
6-Enrollamos los trozos de salmón ahumado rellenos de ensaladilla y los iremos poniendo en una fuente sobre una cama de lechuga picada. Reservaremos en la nevera hasta la hora de servir.
7-Servir los rollitos de salmón con ensaladilla rusa recién hechos y decorar con algunas olivas más.No os perdáis todas las receta de entrante navideños que tengo en mi blog Cocinando con Montse.
",https://www.recetasgratis.net/receta-de-rollitos-de-salmon-ahumado-rellenos-de-ensaladilla-71632.html
Receta de Tosta de gulas y gambas,"1-Preparamos todos los ingredientes para hacer las tostas de gulas con gambas. Cortamos el pan en rodajas.
2-Cortamos los ajos en rodajas finas. Ponemos una sartén con un chorro de aceite y ponemos los ajos laminados.
3-Antes de que se doren los ajos añadimos las gambas peladas, salteamos y añadimos un poco de sal.
4-Una vez están salteadas las gambas, incorporamos a la sartén las gulas y removemos todo junto. Dejamos cocinar unos minutos.
5-Ponemos el pan en una fuente y lo tostamos en el horno o en una tostadora.
6-Con el pan caliente cubrimos las tostas de gulas y gambas. Servimos bien calentito.Acompáñalas con otros aperitivos o entrantes como esta receta de albóndigas rellenas de huevos de codorniz o esta de cóctel de aguacate y cangrejo, ¡ideales para las fiestas navideñas! Y si quieres más ideas para preparar en Navidad no te pierdas todas las opciones que te doy en mi blog Cocinando con Montse.
",https://www.recetasgratis.net/receta-de-tosta-de-gulas-y-gambas-71578.html
Receta de Rollitos de pan de molde con jamón York,"1-Ponemos una plancha a calentar. Ponemos en un cuenco la mantequilla, le añadimos la mostaza y lo batimos hasta obtener una pasta.
2-Untamos las rebanadas de pan con las dos terceras partes de la mezcla de mantequilla y mostaza y luego colocamos sobre cada rebanada una rodaja de jamón york, de manera que nos quede un borde de pan de unos 5 milímetros, (si es necesario recortamos el jamón).
3-Cortamos las rebanadas en sentido longitudinal por la mitad y después enrollamos cada una sujetándola con un palillo.
4-El resto de la mezcla de mantequilla y mostaza lo calentamos en un cazo para que se funda bien y pasamos por ahí cada rollito de pan bimbo con jamón untándolo por todos los lados.
5-Ponemos en la plancha caliente los rollitos de pan de molde rellenos durante unos 4 o 5 minutos girándolos de vez en cuando para que se asen bien por todos los lados.
6-En una fuente de servir cubrimos el fondo de tiras de hojas frescas de lechuga y colocamos los rollitos de pan de molde con jamón York encima, les retiramos los palillos y servimos inmediatamente.En La cocina de Catina dispones de otras muchas recetas de aperitivos de pan de molde para poder aprovecharlo cuando quieras.
",https://www.recetasgratis.net/receta-de-rollitos-de-pan-de-molde-con-jamon-york-67758.html
Receta de Tostadas de aguacate y pavo,"1-Reunimos todos los ingredientes para preparar las tostadas con aguacate y pavo.
2-Comenzamos por tostar el pan de avena en el tostador. Hemos elegido pan de avena que tiene más fibra, pero puedes poner cualquier otro tipo de pan que te apetezca.
3-Hacemos una crema de aguacate para tostadas. Para ello, cortamos el aguacate por la mitad, sacamos la pulpa en un bol y machacamos con la ayuda de un tenedor. Salpimentamos y rociamos con un poco de limón para que no se oxide.
4-Agregamos unas gotas de salsa picante o Tabasco al guacamole casero y un chorro de aceite de oliva para que ligue bien la salsa.
5-Extendemos el guacamole sobre las tostadas de pan de avena (ponemos una capa abundante). Como sabes, el aguacate tiene multitud de propiedades beneficiosas y es rico en grasas saludables.
6-Para terminar, colocamos unas lonchas de pavo cocido por encima y espolvoreamos el sésamo blanco y negro. El sésamo, aparte de decorar, le da un sabor muy bueno al plato y cuenta con gran cantidad de hierro.
7-Ya has visto que estas tostadas con aguacate están listas en 10 minutos y son perfectas si buscas una cena informal y ligera o un desayuno saludable. Si te han gustado las tostadas de aguacate y pavo, seguro que te interesa el wrap de hummus y aguacate, otra opción ideal para la cena.
",https://www.recetasgratis.net/receta-de-tostadas-de-aguacate-y-pavo-65614.html
Receta de Paté de castañas,"1-Empezamos el paté de castaña poniendo en una cacerola poner agua a hervir con poco de sal, cuando rompe a hervir poner las castañas y dejar como 1 hora. En la olla rápida unos 15 minutos. Pasado el tiempo, pelar las castañas y colar el agua sobrante y reservarla. Preparamos los ingredientes
2-Laminamos los champiñones y cortamos el tofu en cuadritos. Pelamos los ajos y los laminamos también. Ponemos un poco de aceite de oliva en una sartén y ponemos el ajo. A fuego medio para que no se queme. Cuando empiece a transparentar añadimos los champiñones.
3-Cuando el champiñón empieza a encoger añadimos el tofu. Ponemos un poco de sal y pimienta, y dejamos pochar unos 8 minutos, removiendo de vez en cuando. La cocción a fuego medio.
4-Una vez cocido, ponemos todo en una batidora de vaso, añadimos una cucharada de vinagre de manzana, un chorlito de aceite de oliva y como 4 o 5 cucharadas del agua de cocer las castañas que teníamos reservada. Trituramos todo hasta obtener una pasta fina y cremosa, que tenga una textura untable. Si queda muy espesa, añadimos más agua. Probamos para corregir de vinagre o de sal. Y lo ponemos en un recipiente (tuper). Y dejamos en frigorífico unas horas para que se enfríe. 
",https://www.recetasgratis.net/receta-de-pate-de-castanas-64750.html
Receta de Tostas de jamón serrano y queso,"1-Cortar el queso en lonchas algo gruesas. En un pedazo de papel film colocarlo como si fuera una manta, ponerle encima otro cacho de papel film, amasarlo hasta que te quede estirado y homogéneo, y retirar el film de arriba.
2-Después añadirle por encima unas lonchas de jamón serrano o jamón ibérico.
3-Añadirle encima una cama de nueces.
4-Encima de las nueces añadir miel.
5-Enroscar el rulo casero con el propio film.
6-Cuando esté enrollado pinchar el film con un cuchillo, darle unas vueltas para que coja forma y sacarle el aire de dentro.
7-Luego añadir otro par de vueltas de film envolviendo el rulo de las tostas de jamón serrano y queso.
8-Dejar que coja frío como un par de horas como mínimo en el frigorífico.
9-Pasado ese tiempo, cortar el rulo en lonchas o rodajas.
10-Poner una rodaja del rulo encima de la tosta de pan y hornear. Una vez todas las tostas de jamón serrano y queso Arzua estén gratinadas ya se pueden decorar al gusto y servir.
",https://www.recetasgratis.net/receta-de-tostas-de-jamon-serrano-y-queso-64116.html
Receta de Tostas de bacon y queso,"1-Cortar el bollo de pan en tostas en diagonal.
2-Cortar el queso en bastones y enrollarlos con las tiras de bacon.
3-Hacer la mahonesa de curry verde echando un poco de pasta de curry verde un poco de salsa de soja y unas cucharadas de mayonesa. Y mezclar todo bien hasta que esté homogéneo.
4-Napar cada tosta de bacon y queso con la mezcla.
5-Hornear entre 180 y 200 °C hasta que el queso se derrita y se gratine la salsa entre 2 y 4 minutos aproximadamente. Las recetas de tostas gratinadas son aún más deliciosas si cabe.
6-Añadir un poco de mermelada de tomate encima de las tostas de bacon y queso gratinado y decorar al gusto.
",https://www.recetasgratis.net/receta-de-tostas-de-bacon-y-queso-63891.html
Receta de Rollitos de salmón con queso y nueces,"1-Los ingredientes de esta receta son poco, así que cuando los tengas a mano, reserva para el final la reducción de vinagre y el cebollino.Entonces, extendemos las lonchas de salmón ahumado y las untamos con una generosa capa de queso crema. Echamos por encima algunas nueces troceadas y sazonamos con un toque de sal y pimienta al gusto.
2-Para terminar, enrolla bien las lonchas, presionando un poco para que no se abran y reserva en la nevera estos deliciosos aperitivos hasta el momento de servir.Cuando los vayas a servir es importante que estén bien fríos, entonces podrás cortar piezas más pequeñas, como si fuese sushi o unos taquitos de un bocado. Decora el plato con el cebollino picado y la crema balsámica.
3-Los rollitos de salmón con queso y nueces son el aperitivo perfecto para una cena elegante o especial como Navidad, por ejemplo.Lo mejor de todo es que puedes personalizarlo como desees, así que atrévete a añadir más ingredientes o bien sustituye cualquiera de los que te proponemos nosotros. Por ejemplo puedes hacer unos rollitos de jamón serrano con queso y nueces.Las posibilidades gastronómicas son infinitas, así que deja volar tu imaginación y atrévete a mezclar todo tipo de ingredientes. Estos rollitos de salmón ahumado son un plato rápido y muy sencillo, ¿se te ocurre alguna sugerencia culinaria más? Compártela con todos nosotros.
",https://www.recetasgratis.net/receta-de-rollitos-de-salmon-con-queso-y-nueces-63383.html
Receta de Saquitos de morcilla con pera,"1-Para hacer estas estupendas empanadillas de morcilla, lo primero que tenemos que hacer es reunir todos los ingredientes. Las obleas para empanadillas pueden ser de masa de hojaldre o masa filo, esto es al gusto.
2-Para suavizar las pasas y darles sabor, las colocamos en un bol con el ron y dejamos macerar durante media hora. Reservamos.
3-Doramos los piñones en una sartén caliente y reservamos.
4-A continuación, cocinamos ligeramente la morcilla. Para ello, la desmigamos o deshacemos y pasamos todo este relleno por la sartén calientes donde tostamos los piñones. Bastará cocinar durante unos minutos.
5-Pasado este tiempo, incorporamos las peras y removemos bien para que se reparta por toda la sartén.Otra receta muy popular son las empanadillas de morcilla y manzana, así que si quieres, también puedes añadir un poco de esta fruta. 
6-Cuando la pera empiece a soltar sus jugos, añadimos el resto de ingredientes. Primero los piñones y luego las pasas junto con el ron en el que han estado macerando. Removemos y mantenemos la cocción hasta que reduzca.
7-Una vez hecho el relleno, procedemos a armar los saquitos de morcilla. Para ello, extendemos las obleas y colocamos la cantidad suficiente de relleno en cada pieza de masa.Cerramos haciendo un saquito, tal como se ve en la foto y pintamos con huevo batido. Luego, los colocamos todos en una bandeja para horno sobre papel vegetal. Si prefieres hacer empanadillas, bastará con que cierres las obleas en forma de medialuna, como en la receta de las empanadillas de espinacas y queso.
8-Introducimos la bandeja con los saquitos de morcilla y piñones al horno ya precalentado a 180 ºC y horneamos durante 10 minutos o hasta que veamos que la masa está dorada y parece crujiente. 
9-Y así de fácil tendremos listos un buen aperitivo para una velada en buena compañía. ¡Bon profit! ¡On egin! ¡Bo proveito! ¡Buen provecho!Los saquitos de morcilla con pera son una delicia, una entrada super elegante que podrás servir en una cena especial o familiar, así que no dudes en probarlos y contarnos como te fue con esta estupenda receta paso a paso.
",https://www.recetasgratis.net/receta-de-saquitos-de-morcilla-con-pera-62761.html
Receta de Canapés de plátano macho,"1-Para elaborar estas cestas de plátano maduro, lo primero que hay que hacer es pelar los plátanos y córtarlos en rodajas gruesas.
2-Calienta abundante cantidad de agua en un cazo junto con el zumo de limón, sal y media cucharada de aceite. Cocina los plátanos hasta que queden blandos.
3-Mientras tanto, prepara el relleno de las canastas de plátano maduro. Pica la cebolla y un diente de ajo y sofríelos. Incorpora al sofrito el maíz y las judías escurridos y saltea de 5-7 minutos.
4-Precalienta el horno a 200 ºC. Cuando los plátanos estén blandos, escúrrelos y machácalos bien con un tenedor o en una batidora. Añade a la masa de los canapés de plátano un diente de ajo picado, sal al gusto y media cucharadita de aceite de oliva. Mezcla bien.
5-Para la preparación de las cestas de plátano maduro necesitas un molde para magdalenas (preferiblemente de silicona). Engrasa el molde con un poco de aceite, coge pequeñas porciones de masa y cubre los bordes aplastando bien con los dedos. Hornea las canastas de plátano maduro de 20 a 25 minutos hasta que queden doradas.
6-Desmolda los canapés de plátano maduro y llénalos con las judías. Como opción, puedes rallar un poco de queso por encima antes de servir.Prueba también estas recetas de palmeritas saladas con hojaldre o de champiñones rellenos con gaucamole para ver otras opciones de aperitivos veganos y visita mi blog Vegspiration para encontrar muchas más.
",https://www.recetasgratis.net/receta-de-canapes-de-platano-macho-62549.html
Receta de Salchichas con berenjenas rebozadas,"1-Primero, cortamos la berenjena en láminas ni finas ni gordas, medias. Hecho esto, las enjuagamos bien.
2-Luego, rebozamos las rodajas de berenjena pasándolas primero por el huevo batido y, después, por pan rallado.
3-Seguidamente, cortamos las salchichas procurando que tengan la misma longitud que las rodajas de berenjena. Después, colocamos un trozo de salchicha en el centro de una rodaja de berenjena, la cubrimos con los extremos de la misma y la sujetamos con un palillo de madera para que la salchicha no se salga al freírla.
4-Ahora, se fríen las salchichas con berenjenas rebozadas en aceite caliente hasta que estén listos los canapés. ¡Más fácil no puede ser esta receta!
5-Por último, se sacan los pinchos de berenjena con salchichas, se colocan sobre papel absorbente para retirar el exceso de aceite y se sirven con miel normal o de caña, según el gusto del comensal. ¡Y lista la receta para comer!
6-Si queréis conocer otras recetas con berenjena fáciles y rápidas como esta, no os perdáis las siguientes opciones:Berenjenas a la planchaHummus de berenjena
",https://www.recetasgratis.net/receta-de-salchichas-con-berenjenas-rebozadas-62050.html
Receta de Canapés de queso de cabra con mermelada de higos,"1-Comenzamos preparando la mermelada de higos casera. Para ello partimos los higos en cuartos y controlamos que no tienen ningún bichito indeseado en su interior. La piel se la dejamos salvo que se trate de higos con piel excesivamente gruesa y dura en cuyo caso los pelaríamos.Los ponemos en una cazuela buena que no se pegue y añadimos el azúcar y un chorro de zumo de limón y llevamos al fuego.
2-Usaremos un fuego medio y removemos de vez en cuando para evitar que la fruta y el azúcar se peguen al fondo de la cacerola.Poco a poco la fruta se irá deshaciendo gracias al calor, el azúcar y el zumo de limón. Cuando más maduros sean los higos menos rato tardará en estar lista.Sabremos que la mermelada de higos casera está hecha cuando empiece a espesar, entonces la retiramos del fuego y esperamos a que temple.
3-Una vez templada la mermelada casera de higos tenemos dos opciones: dejar a que se enfríe y dejarla tal cual con trocitos de fruta o pasarla por la batidora y triturarla.Yo suelo optar por triturarla porque es más cómoda de untar y de usar en repostería.Tanto si la trituramos como si no debemos dejar que se enfríe por completo antes de montar los canapés de queso de cabra para evitar que el pan se reblandezca.
4-Una vez esté fría la mermelada pasamos a montar las tostas de queso de cabra y mermelada: partimos el queso de cabra en daditos y reservamos.En cada panecillo ponemos un poquito de mermelada de higos y sobre esta un trocito de queso de cabra.Servimos los canapés de queso de cabra con mermelada de higos inmediatamente para evitar que el pan se ablande.La mermelada que sobre la podéis guardar en un bote bien tapado en el frigorífico y untar en tostadas o utilizar en otros postres ¡en mi blog Los dulces secretos de Cuca tenéis un montón de ideas para darle salida!-Truco: El queso que puede ser fresco o rulo de cabra debe estar frío para que sea más fácil cortarlo. 
",https://www.recetasgratis.net/receta-de-canapes-de-queso-de-cabra-con-mermelada-de-higos-61726.html
Receta de Canapés de cangrejo con mayonesa,"1-Primero reúne todos los ingredientes. En la foto podrás ver la variedad de lechuga que usado para preparar estos canapés fríos fáciles. En cuanto a las cantidades todo es relativamente al gusto, el jamón lo puedes comprar en lonchas o en taquitos si prefieres.Y si quieres, puedes hacer la mayonesa casera con la receta paso a paso de RecetasGratis.
2-Lava y corta en trozos pequeños la lechuga, el jamón y los palitos de cangrejo. Puedes hacerlo a mano o usar una picadora, en todo caso trata de picar todo más o menos igual.Añade la mayonesa, sazona al gusto y remueve todo bien. Reserva la mezcla de cangrejo y mayonesa en la nevera hasta el momento de servir, teniendo en cuenta que deberás esperar al menos media hora.
3-Cuando llegue la hora de servir tus canapés de cangrejo con mayonesa, retira la mezcla de la nevera y reparte porciones generosas sobre cada tostada de pan. También puedes usar canapés, tostadas integrales o simplemente galletas saladas. Este tipo de mezclas también son perfecto para preparar ensaladas o incluso sándwiches, tú decides cómo servirlo. ¡A disfrutar!
",https://www.recetasgratis.net/receta-de-canapes-de-cangrejo-con-mayonesa-61669.html
Receta de Guacamole con salmón ahumado,"1-Una vez tengas a mano todos los ingredientes, empezaremos por preparar el guacamole. Para hacerlo tienes dos opciones, puedes simplemente machacar el aguacate y sazonar o mezclarlo con un poco de tomate y cebolla morada.En este caso haremos la versión más simple del guacamole, así que retira toda la pulpa del aguacate y colócala en un bol.
2-A continuación añade en el bol un poco de zumo de limón, cilantro picado finamente, sal y unas gotas de salsa tabasco. Mezcla todo esto y prueba el guacamole hasta que esté a tu gusto, lo ideal es que tenga un sabor fresco y ligeramente picante al final.-Truco: Reserva con le hueso o la semilla de aguacate dentro del bol para evitar que se oxide.
3-Por otro lado, corta el salmón ahumado en cuadritos. Este corte se conoce como brunoise y nos vendrá perfecto para hacer una presentación más elegante de nuestro plato de guacamole con salmón ahumado.
4-Sazona el salmón con unas gotas de aceite de oliva y eneldo fresco. Una vez listos los dos ingredientes de nuestro plato podemos crear distintas presentaciones, bien sea como aperitivo o como relleno para un sándwich.
5-Entonces, para armar el guacamole con salmón ahumado empezamos por emplatar el guacamole en la base, encima el salmón y terminamos la decoración con un poco de mango, naranja o una ramita de eneldo.Si por el contrario queremos hacer un sándwich saludable como cena ligera, podemos untar el guacamole y esparcir un poco de salmón por encima sobre unas rebanadas de pan integral con semillas por ejemplo.
6-Disfruta de este rico guacamole con salmón ahumado y sorprende a tus invitados con un entrante gourmet o date un gusto cenando de forma sana y ligera sin perder la esencia de un buen plato, lleno de matices de sabor y color.Y si quieres probar otro sabor, te recomiendo probar el tartar de atún con guacamole, otra combinación que esta riquísima.
",https://www.recetasgratis.net/receta-de-guacamole-con-salmon-ahumado-60106.html
Receta de Pan con tomate y jamón serrano,"1-Para preparar nuestro famoso pan tumaca catalán, lo primero que haremos será limpiar muy bien los tomates y pelar el ajo.Para evitar que el ajo repita, se recomienda picar por la mitad y retirar la parte central del diente.
2-Raya los tomates y el ajo y luego, sazona la mezcla con una pizca de sal y remueve.La tradición indica que tanto el tomate como el ajo, simplemente se frotan contra el pan, en todo caso, lo que se debe hacer nunca a la hora de preparar pan con tomate es triturar los ingredientes, porque de esta forma se pierde la textura característica del tomate y queda una especie de zumo que empapa el pan.
3-Para terminar nuestra ""salsa de tomate"" añade un buen chorro de aceite de oliva y mezcla todo. Para que la receta tenga mejor sabor es imprescindible usar una aceite de oliva de calidad.Lo ideal es preparar este tomate justo antes de consumirlo, pero si quieres guardarlo para usarlo en otro momento, bastará con que lo dejes en la nevera en un envase tapado. Antes de servirlo recuerda que debe estar a temperatura ambiente.
4-Ahora toca montar las tostas de jamón serrano y tomate, así que simplemente tuesta un poco las rebanadas de pan, unta una buena capa de tomate y remata colocando por encima las lonchas de jamón.Puedes usar pan del día anterior o el típico pan de pueblo.
5-El pan con tomate y jamón serrano puede servirse como desayuno, cena o para tapear como es costumbre en España.El secreto de esta receta es preparar el tomate con ajo, sal y aceite siguiendo la tradición, usando ingredientes de calidad. Si quieres seguir probando tapas españolas te recomendamos probar las patatas bravas o unos deliciosos pinchos morunos.
",https://www.recetasgratis.net/receta-de-pan-con-tomate-y-jamon-serrano-61065.html
Receta de Tosta de lomo y verduras,"1-Para hacer nuestros canapés gourmet fáciles, lo primero será picar toda la verdura en cuadritos pequeños. Todo, menos los tomates cherry, que solo partiremos por la mitad.Calentamos una sartén con un poco de aceite y doramos todas las verduras a fuego lento hasta conseguir que estén hechas y bien blandas.
2-A continuación, sazonamos el lomo con sal y pimienta al gusto y lo cocinamos a la plancha utilizando otra sartén. Cuando esté dorado por ambos lados, retiramos, cortamos a tiras y los añadimos a la sartén con las verduras.
3-Finalmente, tostamos las dos rebanadas de pan y procedemos a montar nuestras tostas de lomo. Para ello, cubrimos cada pieza de pan con el salteado de lomo y verduras, por encimas colocamos las hojas de rúcula y terminamos las lascas de queso parmesano.Para hacer tostas puedes usar el típico pan de pueblo o el típico pan casero esponjoso, con bastante miga.
4-Este tipo de tosta de lomo y verduras es un aperitivo ideal para servir en una reunión con amigos mientras bebes una cerveza bien fría. Recuerda cuidar el montaje para que la presentación sea muy elegante y si quieres conocer más recetas como este tipo de canapés gourmet, te recomendamos revisar la de tosta de queso de cabra.
",https://www.recetasgratis.net/receta-de-tosta-de-lomo-y-verduras-61032.html
Receta de Pincho de jamón con queso de cabra,"1-Para empezar a preparar los montaditos de queso de cabra y mermelada, abre las barras de pan y corta cada una en 4. 
2-Aparte, corta el queso de cabra en rodajas finas y colócalas sobre el pan. Hornea las tostadas durante 10 minutos. De esta forma, el queso se fundirá ligeramente y el pincho de jamón quedará mucho mejor.
3-Cuando el queso ya haya empezado a fundirse, coloca el jamón serrano encima y hornea de nuevo durante 1 minuto más. Retira del horno y, con una cuchara, vierte mermelada de frambuesa por encima. Sirve el pincho de jamón con queso de cabra y cuéntame qué te parece, ¡verás que queda delicioso!
4-Puedes servir las tostadas de queso de cabra y jamón con una ensalada verde, una macedonia de frutas como comentábamos al inicio de la receta o, incluso, otros pinchos como los siguientes:Pinchos con huevos de codornizPincho de tortilla
",https://www.recetasgratis.net/receta-de-pincho-de-jamon-con-queso-de-cabra-60584.html
Receta de Pingúinos de aceituna y queso,"1-Hacer estos aperitivos navideños es muy fácil, solo tienes que tener un poco de paciencia. Entonces, primero lo primero, reúne todos los ingredientes en la mesa de trabajo.
2-Lava y pela la zanahoria. Cuando esté bien limpia, corta rodajas de zanahoria, ni muy gruesas ni muy finas. Luego, corta un pequeño triángulo de cada rodajas y reserva por separado.Con estas rodajas y triángulitos haremos la base y el pico de nuestros pingüinos de olivas.
3-Las olivas puedes trabajarlas de dos formas para hacer el cuerpo de los pingüinos. Puedes picarlas por la mitad, a lo largo o puedes hacer este mismo corte pero sin llegar a separar la oliva en dos mitades.Haz esto solo con la mitad de las olivas, la otra mitad la necesitaremos entera.
4-Ahora, ten mucho cuidado al realizar este paso porque se pueden manchar las olivas con facilidad. Con una cuchara de sacar bolas, saca piezas de queso crema y colócalas entre las dos partes de oliva. De esta forme iremos creando el cuerpo de los pungüinos.Repite esta operación la mitad de las olivas.
5-Coloca las olivas rellenas de queso crema sobre la base redonda de zanahoria, encima coloca una oliva entera de forma horizontal y en el agujero del centro inserta el triángulito pequeño que de zanahoria. Sujeta todo con un palillo de madera.
6-Sirve los pingüinos de aceituna y queso llenando un plato con muchos de ellos y a disfrutar. Este divertido aperitivo es perfecto para ocasiones especiales como la cena de Navidad, y en ese caso, te recomendamos acompañarlo con otros canapés navideños como las tostadas de aguacate y tomate o las fresas Papá Noel tan divertidas.
",https://www.recetasgratis.net/receta-de-pinguinos-de-aceituna-y-queso-59813.html
Receta de Tostadas de aguacate y tomate,"1-Estos son los ingredientes ya listos que necesitaremos para hacer nuestros árboles de Navidad comestibles. En los siguientes te explicaré qué es cada cosa y cómo puedes hacerla.
2-Empezamos por hacer la pasta de aguacate o guacamole. Para ello, tritura toda la pulpa del aguacate y mezcla con una par de ramas de perejil picadas finamente, sal y unas gotas de zumo de limón.También pica los tomates finamente y si decides utilizar bacon, déjalo bien tostado y córtalo también en cuadritos pequeños.-Truco: Si quieres darle un toque picante, añade unas gotas de tabascos a la pasta de aguacate.
3-Por otro lado, tuesta un poco el pan y corta cada rebanada en triángulos, tal como se ve en la foto.Para hacer estos aperitivos navideños también puedes usar pan de pita, recuerda también que la forma triangular es solo para simular los árboles de Navidad pero que si no es para estas fiestas, puedes cortar el pan de la forma que más te guste.
4-A continuación unta una gruesa capa de aguacate sobre todos los trozos de pan.
5-Ahora coloca la decoración repartiendo los cuadritos de tomate y bacon encime de las tostadas con aguacate. Coloca bastantes para cada árbol se vea más bonito.Termina colocando un palillo de madera en la base y añade una pizca de pimienta por encima.
6-Las tostadas de aguacate y tomate o arbolitos de Navidad, como prefieras llamarles, son un aperitivo frío que puedes disfrutar con toda la familia.Combínalos con otros canapés de salmón ahumado y unas divertidas botas de salchicha para sorprender a todos durante la cena de Navidad.
",https://www.recetasgratis.net/receta-de-tostadas-de-aguacate-y-tomate-59804.html
Receta de Aperitivos fríos de salmón ahumado,"1-Corta en cuadros las rebanadas de pan, como se ve en la foto. Si quieres puedes tostar el pan de molde o usar pan de distintos sabores, para estos canapés de Navidad también puedes usar galletas saladas.
2-Unta todos los cuadritos de pan con un buena capa de queso crema. Las cantidades que hemos colocado en esta receta alcanzan para 32 aperitivos de salmón ahumado, cada uno del tamaño de un bocado.
3-El cebollín le dará un contraste de sabor especial a nuestros canapés navideños, así que pica las ramas lo más finamente posible.Si quieres puedes mezclar el cebollín con un poco de aceite de oliva o si prefieres un sabor más suave puedes usar eneldo, una hierba que también combina perfectamente con el salmón ahumado.
4-Para hacer una decoración elegante para nuestros aperitivos de Navidad, corta el salmón ahumado en tiras, de esta forma podremos colocar de forma más delicada sobre cada uno de los canapés fríos.Si tienes una buena pieza de salmón fresco y tienes ganas, puedes preparar el salmón ahumado casero con pocos ingredientes.
5-Ahora usa tu imaginación para colocar las tiras de salmón en los canapés. Lo ideal es que sean todos diferentes para que sean unas aperitivos originales y divertidos.
6-Termina colocando por encima el cebollín picado y listo, ya puedes preparar una bandeja con estos deliciosos aperitivos fríos de salmón ahumado y disfrutar con la familia en Navidad.Y si te gusta la combinación de sabores, no olvides que aperitivos con salmón ahumado y queso hay muchos y en RecetasGratis.net tenemos una gran variedad de recetas paso a paso que te pueden dar nuevas ideas. ¡No olvides dejar tus comentarios!
",https://www.recetasgratis.net/receta-de-aperitivos-frios-de-salmon-ahumado-59793.html
Receta de Tostas de aguacate,"1-Para hacer esta receta gourmet de tostas de aguacate, el primero paso será cortar los aguacates por la mitad, sacar la pulpa y aplastarla con un tenedor. A continuación, añadir el zumo de limón a la pasta.El zumo de limón lo que hace es evitar que el aguacate se oxide rápidamente.
2-Por otro lado, tostar las rebanadas de pan y untar generosamente la pasta de aguacate previamente elaborada.Puedes usar el típico pan de pueblo o incluso pan de molde si prefieres
3-A continuación, cubrir cada rebanada de pan con las hojas de lechuga, el pollo braseado troceado y los tomates deshidratados en aceite.Si quieres hacer este ingrediente de forma casera, aquí tienes la receta de tomates secos.
4-Para terminar, espolvorea las tostas con un poco de aceite de oliva, vinagre de Módena y, por último, con las virutas de queso parmesano.
5-Disfruta de las tostas de aguacate junto con una bebida de fruta natural, como el smoothie de sandía y manzana. Prepara las tostas de aguacate y tomate para sorprender a alguien a la hora del desayuno o para una cena elegante. Otras tostas que también son muy vistosas son las de tomates secos y queso de cabra, otra delicia gourmet que seguro también te gusta.
",https://www.recetasgratis.net/receta-de-tostas-de-aguacate-58987.html
Receta de Tostadas de jamón serrano y hongos,"1-Alistar todos los ingredientes para empezar a cocinar. Comenzamos hidratando los hongos de un día al otro.
2-Cortar el pan de la forma deseada, colocar aceite y orégano. Luego, cocinar al horno durante 10 minutos a 180 ºC y dejar enfriar. Mezclar la mayonesa y el queso junto a la rúcula picada.-Truco: También se puede calentar el pan en una tostadora.
3-Pintamos las brusquetas con la mayonesa de rucula, agregamos una loncha de jamón crudo o jamón serrano y los hongos picados. ¡Buen provecho!
4-Como ves, las tostadas de jamón serrano que Oski nos enseña a hacer son muy sencillas, rápidas y sabrosas, ideales para servir a modo de aperitivos fáciles para fiestas. Si quieres conocer más recetas rápidas como esta, no te pierdas los rollitos salados y los sándwiches de atún.
",https://www.recetasgratis.net/receta-de-tostadas-de-jamon-serrano-y-hongos-58866.html
Receta de Canapé de queso de cabra y manzana,"1-Aquí tenemos los ingredientes para el canapé de queso y manzana. Para el pan puedes optar por diversas opciones: tostadas, pan de molde sin corteza tostado, pan artesano o de chapata, e incluso una lámina de masa de hojandre recortada y pasada previamente por el horno.
2-En primer lugar prepararemos la base de pan y queso de cabra, sobre el que descansará la manzana caramelizada. Si no es una tostada, te aconsejo que pases el pan previamente por la tostadora. A continuación extendemos el queso de cabra sobre cada rebanada.
3-Ahora procedemos a preparar la manzana caramelizada. Primero lavamos y pelamos la manzana, y la cortamos en láminas. A continuación, calentamos la mantequilla en una sartén y, cuando esté derretida, añadimos las láminas de manzana.
4-Dejaremos que la manzana se cueza un poco y, cuando esté ya blandita, añadiremos el azúcar moreno, para caramelizarla ligeramente. Déjalo unos minutos más al fuego mientras remueves.
5-Cuando la manzana esté caramelizada, la extendemos sobre las rebanadas con queso de cabra, que se fundirá ligeramente por el efecto del calor de la manzana. Añade unas escamas de sal y un poco de pimienta negra y sirve enseguida, acompañado de una copa de vino tinto. Este canapé de queso de cabra y manzana te encantará, ¡estoy segura! Puede ser un entrante para un menú completo, con una ensalada de berenjena y pollo a la plancha, por ejemplo, o bien convertirse en una cena ligera de plato único, que fue mi elección el otro día. ¡A disfrutarlo!
",https://www.recetasgratis.net/receta-de-canape-de-queso-de-cabra-y-manzana-58850.html
"Receta de Tostadas de queso, tomate y albahaca","1-Para preparar este aperitivo fácil lo primero que debes hacer es reunir todos los ingredientes.
2-Luego, lava los tomates, córtalos en cuartos y retira las semillas. Después, pica finamente cada cuarto de tomate, tal y como se muestra en la fotografía.
3-Coge un bol, introduce los tomates picados en él, añade las hojas de albahaca cortadas en tiras, el vinagre balsámico, aceite de oliva, la mitad de los ajos pelados y machacados, sal y pimienta al gusto. Mezcla y deja macerar en el frigorífico durante una hora, revolviendo de vez en cuando.-Truco: Cuanto más tiempo pasa la mezcla macerándose, más intenso será el sabor.
4-Pasado el tiempo de reposo, y para seguir con la preparación de las tostas con tomate y albahaca, corta el pan en rebanadas del tamaño que quieras y tórralas en una tostadora o sartén. Luego, frota cada tostada de pan con los ajos restantes y rocía con un poco de aceite de oliva.
5-Coloca en cada tostada una o dos rebanadas de queso de cabra y, sobre ellas, un poco de la mezcla de tomate y albahaca. Luego, hornea las tostadas con el horno precalentado a 200ºC, durante 10-15 minutos, o hasta que el queso se haya fundido y los tomates se hayan tostado ligeramente.
6-Finalmente, sirve las tostas de queso, tomate y albahaca todavía calientes como aperitivo, entrante o, incluso, plato principal acompañadas de puré de patatas, por ejemplo, o patatas asadas. ¡Buen provecho!
",https://www.recetasgratis.net/receta-de-tostadas-de-queso-tomate-y-albahaca-58477.html
Receta de Profiteroles salados rellenos de queso,"1-Antes de realiza los profiteroles rellenos de queso, el primer paso es alistar todos los ingredientes.
2-Para realizar la pasta choux, en una olla agregar la leche, el azúcar, la sal y la mantequilla, cocinar a fuego bajo hasta derretirla totalmente.
3-Retirar la olla del fuego y agregar la harina de golpe (previamente tamizada), mezclar muy bien hasta incorporar toda la masa. Entonces, volver a llevar la olla a fuego muy bajo y cocinar hasta que se despegue la masa de las paredes de la olla.
4-Finalmente apagar el fuego, dejar enfriar la masa y agregar uno por uno los huevos, hasta obtener el punto de cinta.-Truco: Punto de cinta: agregar los huevos uno por uno, mezclar todo muy bien y tomar un poco de la masa con la espátula, al dejarla caer no se debe romper. 
5-Añadir la pasta chouxa una manga pastelera con una boquilla rizada y en un tapete de silicona, realizar bolitas pequeñas. Cocinar los profiteroles durante 20 minutos a 180°C. cuando salgan del horno dejar enfriar, para poder rellenar los profiteroles.-Truco: Es importante que no abras el horno durante los primeros 15 minutos de cocción.
6-Para realizar el relleno, en un bol agregar el queso crema con la sal, la pimienta y los pepinillos finamente picados, revolver hasta obtener una mezcla suave.
7-Abrir los profiteroles y rellenar con la mezcla de queso crema. Si te gusta aprender a realizar pasabocas como los profiteroles salados rellenos de queso, te recomiendo los volovanes rellenos de langostinos, aunque si eres más de dulces también puedes aprovechar esta misma receta para hacer unos deliciosos profiteroles de nata y chocolate.Si te han gustado los profiteroles rellenos de queso, tienes algún comentario o inquietud, danos tu opinión.
",https://www.recetasgratis.net/receta-de-profiteroles-salados-rellenos-de-queso-58285.html
Receta de Rollitos de sobrasada y queso,"1-Una vez hayas reunido todos los ingredientes, lo primero que debes hacer es aplanar la lámina de pan de molde un poco. Puedes ayudarte con un rodillo de cocina. Para hacer los rollitos de pan de molde puedes usar el pan que ya se vende con forma alargada o si no puedes conseguirlo, puedes usar el típico pan cuadrado uniendo varias láminas.
2-A continuación, unta la sobrasada por toda la superficie del pan. La sobrasada suele ser bastante consistente así que ten cuidado para evitar que se rompa el pan durante del proceso. Si quieres puedes calentarla un poco en el microondas para que esté más suave.
3-Corta trozos de queso brie más o menos delgados y colócalos a lo largo del pan, dejando un espacio libre entre cada pieza tal como se ve en la foto. Puedes usar cualquier otro queso de tu preferencia para hacer estas serpentinas de pan, aunque el brie es el que mejor combina con la sobrasada. Si quieres un truco para cortar el queso bríe de forma fácil, revisa el paso 3 de la receta de tostadas de sobrada.
4-Enrolla el pan apretando ligeramente mientras vas enrollando. Hazlo con mucho cuidado para evitar el pan se rompa. Hasta este punto, el proceso de elaboración de los rollitos de sobrasada es el mismo que el de las famosas serpentinas de pan para fiestas.
5-Para terminar con esta receta con sobrasada, corta el rollo en piezas más o menos gruesas y coloca en una bandeja para horno forrada con papel parafinado. Cocina por 10-12 minutos a 180ºC o hasta que el pan y la sobrasada se doren. 
6-Una vez salgan del horno, lo único que tienes que hacer es bañarlos con un chorro de miel y disfrutar de los rollitos de sobrasada. No es un plato ligero, pero bien vale la pena darse un gusto si se trata de esta receta fácil con sobrasada que te enseñamos.Y si te gusta la sobrasada tanto como a mi también puedes echar un vistazo a la receta de croissants rellenos de sobrasada. ¡Espero tus comentarios!
",https://www.recetasgratis.net/receta-de-rollitos-de-sobrasada-y-queso-58193.html
Receta de Tostas de atún y queso,"1-El primer paso para realizar las tostas de atún es alistar los ingredientes.
2-En un bol o tazón adiciona la cebolla roja en cuadros finos y el atún rallado. Mezcla bien los ingredientes.
3-Agrega dos cucharadas de la salsa bechamel, sal, pimienta negra y pasta de ajo al gusto. Mezcla bien los ingredientes para seguir con la preparación de las tostadas fáciles.
4-Engrasa una refractaria y adiciona las rebanadas de pan. El pan de molde puedes comprarlo como más te guste, integral, con semillas, etc., o prepararlo tú mismo siguiendo esta sencilla receta de pan de molde.
5-Adiciona la mezcla de atún rallado y agrega una rebanada de tomate rojo encima como se observa en la fotografía.
6-Añade encima una rebanada de queso mozzarella y baña las tostadas con el resto de salsa bechamel. Espolvorea una cucharadita de queso parmesano por encima. Lo ideal es que las tostas de atún queden como se observa en la fotografía.-Truco: Precalienta el horno a 180ºC.
7-Por último, adiciona orégano espolvoreado por encima, pues combina muy bien con el tomate. Hornea las tostadas de atún hasta que los quesos se doren.
8-Sirve inmediatamente las tostas de atún y queso para consumirlas bien calientes. Como ves, se trata de un perfecto aperitivo para comidas con amigos o familiares, que también podemos preparar para cenar cuando no sabemos qué cocinar. Si es para servir a modo de canapé, puedes preparar unas croquetas de setas para acompañar y una ensalada de aguacate.
",https://www.recetasgratis.net/receta-de-tostas-de-atun-y-queso-58101.html
